<?xml version="1.0" encoding="UTF-8"?>
<!DOCTYPE mapper
        PUBLIC "-//mybatis.org//DTD Mapper 3.0//EN"
        "http://mybatis.org/dtd/mybatis-3-mapper.dtd">
<mapper namespace="com.hu.dao.ArticleDao">
	<select id="list" resultType="com.hu.entity.Article" parameterType="Integer">
        select * from article where csid=#{csid}
    </select>
    
    <select id="findByAid" resultType="com.hu.entity.Article" parameterType="Integer">
        select * from article where aid=#{aid}
    </select>
    
    <select id="findPrevious" resultType="com.hu.entity.Article" parameterType="Integer">
        select * from article where aid&lt;#{aid} order by aid desc limit 1
    </select>
    
    <select id="findNext" resultType="com.hu.entity.Article" parameterType="Integer">
        select * from article where aid&gt;#{aid} order by aid limit 1
    </select>
    
    <select id="findFirstAid" resultType="Integer">
        select a.aid from article a order by aid limit 1
    </select>
    
    <select id="findLastAid" resultType="Integer">
        select a.aid from article a order by aid desc limit 1
    </select>
   
    <!--
    <resultMap id="arts" type="List">
		<collection property="articles" ofType="com.hu.entity.Article">
		<id property = "aid" column = "aid"/>
		<result property = "title" column = "title"/>
		<result property = "csid" column = "csid"/>
		<result property = "ishot" column = "ishot"/>
		<result property = "summary" column = "summary"/>
		<result property = "date" column = "date"/>
		<result property = "content" column = "content"/>
		</collection>
	</resultMap>
	-->
	
    <select id="findMostHot" resultType="com.hu.entity.Article">
        select * from article where ishot = 1 limit 3
    </select>
    
    <select id="findMostNew" resultType="com.hu.entity.Article">
        select * from article order by date desc limit 3
    </select>
    
    <delete id="delete" parameterType="Integer">
		delete from article where aid=#{aid}
	</delete>
	
	<update id="update" parameterType="com.hu.entity.Article" >
    update article
    <set >
      <if test="csid != null" >
        csid = #{csid},
      </if>
      <if test="title != null" >
        title = #{title},
      </if>
      <if test="content != null" >
        content = #{content},
      </if>
      <if test="date != null" >
        date = #{date},
      </if>
      <if test="summary != null" >
        summary = #{summary},
      </if>
      <if test="ishot != null" >
        ishot = #{ishot}
      </if>
    </set>
    where aid = #{aid}
	</update>
	
	<insert id="add" parameterType="com.hu.entity.Article" useGeneratedKeys="false" keyProperty="userid">
    	insert into article (content, summary, date, ishot, title, csid) 
    	values (#{content}, #{summary},#{date},#{ishot},#{title},#{csid})
    </insert>
</mapper>