<?xml version="1.0" encoding="UTF-8"?>
<!DOCTYPE mapper
        PUBLIC "-//mybatis.org//DTD Mapper 3.0//EN"
        "http://mybatis.org/dtd/mybatis-3-mapper.dtd">
<mapper namespace="com.hu.dao.AudioDao">
	<select id="list" resultType="com.hu.entity.Audio" parameterType="Integer">
        select * from audio where csid=#{csid}
    </select>
    
    <delete id="delete" parameterType="Integer">
		delete from audio where auid=#{auid}
	</delete>
	
	<select id="findByAuid" resultType="com.hu.entity.Audio" parameterType="Integer">
        select * from audio where auid=#{auid}
    </select>
    
    <update id="updateLocal" parameterType="com.hu.entity.Audio" >
    update audio
    <set >
      <if test="local != null" >
        local = #{local}
      </if>
    </set>
    where auid = #{auid}
	</update>
	
	<update id="update" parameterType="com.hu.entity.Audio" >
    update audio
    <set >
      <if test="title != null" >
        title = #{title},
      </if>
      <if test="date != null" >
        date = #{date},
      </if>
      <if test="author != null" >
        author = #{author}
      </if>
    </set>
    where auid = #{auid}
	</update>
	
	<select id="findLocalByAuid" resultType="string" parameterType="Integer">
        select a.local from audio a where auid=#{auid}
    </select>
    
    <insert id="add" parameterType="com.hu.entity.Audio" useGeneratedKeys="true" keyProperty="auid">
    	insert into audio (title, author, date, csid) values (#{title}, #{author},#{date},#{csid})
    </insert>
</mapper>