<?xml version="1.0" encoding="UTF-8"?>
<!DOCTYPE mapper
        PUBLIC "-//mybatis.org//DTD Mapper 3.0//EN"
        "http://mybatis.org/dtd/mybatis-3-mapper.dtd">
<mapper namespace="com.hu.dao.CategoryDao">
	<resultMap type="com.hu.entity.Category" id="CategoryResultMap">
		<id property="cid" column="cid"/>
		<result property="cname" column="cname"/>
		<collection property="categoryseconds" javaType="List" ofType="com.hu.entity.CategorySecond">
			<id property="csid" column="csid"/>
			<result property="csname" column="csname"/>
		</collection>
	</resultMap>
    <select id="getCategorys" resultMap="CategoryResultMap">
        select * from category c
        left join categorysecond cs
        on c.cid = cs.cid
        
    </select>
    
    
</mapper>