<?xml version="1.0" encoding="UTF-8"?>
<!DOCTYPE mapper
        PUBLIC "-//mybatis.org//DTD Mapper 3.0//EN"
        "http://mybatis.org/dtd/mybatis-3-mapper.dtd">
<mapper namespace="com.hu.dao.DiscussDao">
	<select id="list" resultType="com.hu.entity.Discuss">
        select * from discuss
    </select>
	
	<insert id="release" parameterType="string" useGeneratedKeys="false" keyProperty="disid">
    	insert into discuss (title, content, author, date) values (#{title}, #{content}, #{author}, #{date})
    </insert>  
    
    <select id="findDiscussById" parameterType="Integer" resultType="com.hu.entity.Discuss">
        select * from discuss where disid = #{disid}
    </select>  
    
    <delete id="delete" parameterType="Integer">
		delete from discuss where disid=#{disid}
	</delete>
</mapper>