<?xml version="1.0" encoding="UTF-8"?>
<!DOCTYPE mapper
        PUBLIC "-//mybatis.org//DTD Mapper 3.0//EN"
        "http://mybatis.org/dtd/mybatis-3-mapper.dtd">
<mapper namespace="com.hu.dao.ReplyDao">
	<select id="list" resultType="com.hu.entity.Reply" parameterType="Integer">
        select * from reply where disid = #{disid}
    </select>
	
	<insert id="reply" parameterType="com.hu.entity.Reply" useGeneratedKeys="false" keyProperty="rid">
    	insert into reply (disid, content, author, date) values (#{disid}, #{content}, #{author}, #{date})
    </insert>  

	<delete id="delete" parameterType="Integer">
		delete from reply where rid=#{rid}
	</delete>
	<delete id="deleteByDisid" parameterType="Integer">
		delete from reply where disid=#{disid}
	</delete>
</mapper>