<?xml version="1.0" encoding="UTF-8"?>
<!DOCTYPE mapper
        PUBLIC "-//mybatis.org//DTD Mapper 3.0//EN"
        "http://mybatis.org/dtd/mybatis-3-mapper.dtd">
<mapper namespace="com.hu.dao.ScoreDao">
	<select id="list" resultType="com.hu.entity.Score" parameterType="Integer">
        select * from score where csid=#{csid}
    </select>
    
    <select id="findBySid" resultType="com.hu.entity.Score" parameterType="Integer">
        select * from score where sid=#{sid}
    </select>
    
    <select id="findFirstSid" resultType="Integer" parameterType="Integer">
        select s.sid from score s where csid=#{csid} order by sid limit 1
    </select>
    
    <select id="findLastSid" resultType="Integer" parameterType="Integer">
        select s.sid from score s where csid=#{csid} order by sid desc limit 1
    </select>
    
    <select id="findPrevious" resultType="com.hu.entity.Score" parameterType="Integer">
        select * from score where sid&lt;#{sid} and csid=#{csid} order by sid desc limit 1
    </select>
    
    <select id="findNext" resultType="com.hu.entity.Score" parameterType="Integer">
        select * from score where sid&gt;#{sid} and csid=#{csid} order by sid limit 1
    </select>
    
    <select id="findLocalBySid" resultType="string" parameterType="Integer">
        select s.image from score s where sid=#{sid}
    </select>
    
    <delete id="delete" parameterType="Integer">
		delete from score where sid=#{sid}
	</delete>
	
	<update id="update" parameterType="com.hu.entity.Score" >
    update score
    <set >
      <if test="title != null" >
        title = #{title},
      </if>
      <if test="date != null" >
        date = #{date},
      </if>
      <if test="author != null" >
        author = #{author}
      </if>
    </set>
    where sid = #{sid}
	</update>
	
	<update id="updateLocal" parameterType="com.hu.entity.Score" >
    update score
    <set >
      <if test="image != null" >
        image = #{image}
      </if>
    </set>
    where sid = #{sid}
	</update>
	
	<insert id="add" parameterType="com.hu.entity.Score" useGeneratedKeys="true" keyProperty="sid">
    	insert into score (title, author, date, csid) values (#{title}, #{author},#{date},#{csid})
    </insert>
    
    <select id="search" resultType="com.hu.entity.Score" parameterType="String">
        select * from score where title like concat('%',#{searchtext},'%')
    </select>
</mapper>