<?xml version="1.0" encoding="UTF-8" ?>
<!DOCTYPE mapper
        PUBLIC "-//mybatis.org//DTD Mapper 3.0//EN"
        "http://mybatis.org/dtd/mybatis-3-mapper.dtd">
<mapper namespace="com.hu.dao.UserDao">
    <select id="getUser" resultType="com.hu.entity.User" parameterType="string">
        select * from user where username=#{username} AND password=#{password}
    </select>
    
    <select id="findByName" resultType="com.hu.entity.User" parameterType="string">
        select * from user where username=#{username}
    </select>
    
    <insert id="signIn" parameterType="string" useGeneratedKeys="false" keyProperty="userid">
    	insert into user (username, password, email) values (#{username}, #{password},#{email})
    </insert>
    
    <select id="list" resultType="com.hu.entity.User">
        select * from user
    </select>
    
    <!-- flushCache="true" timeout="20" -->
    <delete id="delete" parameterType="Integer">
		delete from user where userId=#{userId}
	</delete> 
	
	<select id="getById" resultType="com.hu.entity.User" parameterType="Integer">
        select * from user where userId=#{userId}
    </select>
    
    <update id="update" parameterType="com.hu.entity.User" >
    update user
    <set >
      <if test="userName != null" >
        userName = #{userName},
      </if>
      <if test="password != null" >
        password = #{password},
      </if>
      <if test="email != null" >
        email = #{email}
      </if>
    </set>
    where userId = #{userId}
	</update>
</mapper>