<?xml version="1.0" encoding="UTF-8"?>
<!DOCTYPE mapper
        PUBLIC "-//mybatis.org//DTD Mapper 3.0//EN"
        "http://mybatis.org/dtd/mybatis-3-mapper.dtd">
<mapper namespace="com.hu.dao.VideoDao">
	<select id="list" resultType="com.hu.entity.Video" parameterType="Integer">
        select * from video where csid=#{csid}
    </select>
    
    <select id="findByVid" resultType="com.hu.entity.Video" parameterType="Integer">
        select * from video where vid=#{vid}
    </select>
    
    <select id="findFirstVid" resultType="Integer" parameterType="Integer">
        select v.vid from video v where csid=#{csid} order by vid limit 1
    </select>
    
    <select id="findLastVid" resultType="Integer" parameterType="Integer">
        select v.vid from video v where csid=#{csid} order by vid desc limit 1
    </select>
    
    <select id="findPrevious" resultType="com.hu.entity.Video" parameterType="Integer">
        select * from video where vid&lt;#{vid} and csid=#{csid} order by vid desc limit 1
    </select>
    
    <select id="findNext" resultType="com.hu.entity.Video" parameterType="Integer">
        select * from video where vid&gt;#{vid} and csid=#{csid} order by vid limit 1
    </select>
    
    <delete id="delete" parameterType="Integer">
		delete from video where vid=#{vid}
	</delete>
	
	<select id="findLocalByVid" resultType="com.hu.entity.Video" parameterType="Integer">
        select * from video where vid=#{vid}
    </select>
    
    <update id="update" parameterType="com.hu.entity.Video" >
    update video
    <set >
      <if test="title != null" >
        title = #{title},
      </if>
      <if test="date != null" >
        date = #{date},
      </if>
      <if test="summary != null" >
        summary = #{summary}
      </if>
    </set>
    where vid = #{vid}
	</update>
	
	<update id="updateImage" parameterType="com.hu.entity.Video" >
    update video
    <set >
      <if test="image != null" >
        image = #{image}
      </if>
    </set>
    where vid = #{vid}
	</update>
	
	<update id="updateLocal" parameterType="com.hu.entity.Video" >
    update video
    <set >
      <if test="local != null" >
        local = #{local}
      </if>
    </set>
    where vid = #{vid}
	</update>
	
	<insert id="add" parameterType="com.hu.entity.Video" useGeneratedKeys="true" keyProperty="vid">
    	insert into video (title, summary, date, csid) values (#{title}, #{summary},#{date},#{csid})
    </insert>
</mapper>